index,ID
1,9
2,11
3,18
4,29
5,84
6,91
7,109
8,117
9,121
10,135
11,217
12,218
13,247
14,253
15,264
16,312
17,316
18,317
19,321
20,329
21,334
22,402
23,414
24,424
25,427
26,428
27,435
28,460
29,462
30,516
31,521
32,528
33,534
34,561
35,563
36,600
37,602
38,603
39,604
40,605
41,607
42,624
43,672
44,743
45,816
46,820
47,851
48,856
49,857
50,861
51,863
52,864
53,867
54,879
55,886
56,912
57,914
58,915
59,929
60,983
61,1196
62,1260
63,1275
64,1291
65,1539
66,1540
67,1676
68,1783
69,1812
70,1871
71,1886
72,1931
73,2108
74,2174
75,2224
76,2263
77,2315
78,2330
79,2397
80,2444
81,2472
82,2598
83,2623
84,2690
85,2742
86,2779
87,2792
88,2872
89,2991
90,3015
91,3033
92,3040
93,3059
94,3062
95,3078
96,3085
97,3092
98,3113
99,3139
100,3142
101,3161
102,3169
103,3177
104,3178
105,3185
106,3195
107,3196
108,3197
109,3198
110,3202
111,3203
112,3204
